analytical_period,org_code,org_name,avg_recovery_rate,months
pandemic,05W,NHS STOKE ON TRENT CCG,62.76923076923077,13
pandemic,07T,NHS CITY AND HACKNEY CCG,61.15384615384615,13
pandemic,70F,NHS WEST SUSSEX CCG,59.666666666666664,12
pandemic,10R,NHS PORTSMOUTH CCG,58.76923076923077,13
pandemic,14Y,NHS BUCKINGHAMSHIRE CCG,58.61538461538461,13
pandemic,05H,NHS WARWICKSHIRE NORTH CCG,58.5,6
pandemic,07G,NHS THURROCK CCG,57.76923076923077,13
pandemic,42D,NHS NORTH YORKSHIRE CCG,57.666666666666664,12
pandemic,02A,NHS TRAFFORD CCG,57.61538461538461,13
pandemic,02Q,NHS BASSETLAW CCG,57.53846153846154,13
pandemic,02Y,NHS EAST RIDING OF YORKSHIRE CCG,57.46153846153846,13
pandemic,03F,NHS HULL CCG,57.38461538461539,13
pandemic,03W,NHS EAST LEICESTERSHIRE AND RUTLAND CCG,57.38461538461539,13
pandemic,00N,NHS SOUTH TYNESIDE CCG,56.76923076923077,13
pandemic,05G,NHS NORTH STAFFORDSHIRE CCG,56.61538461538461,13
pandemic,11X,NHS SOMERSET CCG,56.61538461538461,13
pandemic,26A,NHS NORFOLK AND WAVENEY CCG,56.583333333333336,12
pandemic,10V,NHS SOUTH EASTERN HAMPSHIRE CCG,56.53846153846154,13
pandemic,00P,NHS SUNDERLAND CCG,56.46153846153846,13
pandemic,08F,NHS HAVERING CCG,56.0,13
pandemic,36J,NHS BRADFORD DISTRICT AND CRAVEN CCG,56.0,12
pandemic,36L,NHS SOUTH WEST LONDON CCG,55.416666666666664,12
pandemic,15A,NHS BERKSHIRE WEST CCG,55.23076923076923,13
pandemic,10J,NHS NORTH HAMPSHIRE CCG,55.0,13
pandemic,00L,NHS NORTHUMBERLAND CCG,54.61538461538461,13
pandemic,08W,NHS WALTHAM FOREST CCG,54.38461538461539,13
pandemic,99C,NHS NORTH TYNESIDE CCG,54.38461538461539,13
pandemic,07W,NHS EALING CCG,54.30769230769231,13
pandemic,01K,NHS MORECAMBE BAY CCG,54.23076923076923,13
pandemic,00R,NHS BLACKPOOL CCG,54.15384615384615,13
pandemic,52R,NHS NOTTINGHAM AND NOTTINGHAMSHIRE CCG,54.083333333333336,12
pandemic,78H,NHS NORTHAMPTONSHIRE CCG,54.083333333333336,12
pandemic,04V,NHS WEST LEICESTERSHIRE CCG,54.07692307692308,13
pandemic,15M,NHS DERBY AND DERBYSHIRE CCG,54.07692307692308,13
pandemic,05L,NHS SANDWELL AND WEST BIRMINGHAM CCG,53.92307692307692,13
pandemic,05A,NHS COVENTRY AND RUGBY CCG,53.857142857142854,7
pandemic,15D,NHS EAST BERKSHIRE CCG,53.76923076923077,13
pandemic,05Q,NHS SOUTH EAST STAFFORDSHIRE AND SEISDON PENINSULA CCG,53.61538461538461,13
pandemic,11A,NHS WEST HAMPSHIRE CCG,53.61538461538461,13
pandemic,05X,NHS TELFORD AND WREKIN CCG,53.53846153846154,13
pandemic,06P,NHS LUTON CCG,53.38461538461539,13
pandemic,99M,NHS NORTH EAST HAMPSHIRE AND FARNHAM CCG,53.38461538461539,13
pandemic,72Q,NHS SOUTH EAST LONDON CCG,53.333333333333336,12
pandemic,07K,NHS WEST SUFFOLK CCG,53.30769230769231,13
pandemic,13Q,NATIONAL COMMISSIONING HUB 1,53.27272727272727,11
pandemic,08M,NHS NEWHAM CCG,53.23076923076923,13
pandemic,03A,NHS GREATER HUDDERSFIELD CCG,53.07692307692308,13
pandemic,02P,NHS BARNSLEY CCG,52.92307692307692,13
pandemic,10K,NHS FAREHAM AND GOSPORT CCG,52.92307692307692,13
pandemic,05D,NHS EAST STAFFORDSHIRE CCG,52.84615384615385,13
pandemic,18C,NHS HEREFORDSHIRE AND WORCESTERSHIRE CCG,52.75,12
pandemic,07L,NHS BARKING AND DAGENHAM CCG,52.69230769230769,13
pandemic,08C,NHS HAMMERSMITH AND FULHAM CCG,52.69230769230769,13
pandemic,02T,NHS CALDERDALE CCG,52.53846153846154,13
pandemic,03R,NHS WAKEFIELD CCG,52.53846153846154,13
pandemic,01D,"NHS HEYWOOD, MIDDLETON AND ROCHDALE CCG",52.46153846153846,13
pandemic,08V,NHS TOWER HAMLETS CCG,52.46153846153846,13
pandemic,03H,NHS NORTH EAST LINCOLNSHIRE CCG,52.23076923076923,13
pandemic,08E,NHS HARROW CCG,52.23076923076923,13
pandemic,01W,NHS STOCKPORT CCG,52.0,13
pandemic,07P,NHS BRENT CCG,51.84615384615385,13
pandemic,04C,NHS LEICESTER CITY CCG,51.69230769230769,13
pandemic,00Y,NHS OLDHAM CCG,51.61538461538461,13
pandemic,06A,NHS WOLVERHAMPTON CCG,51.61538461538461,13
pandemic,10Q,NHS OXFORDSHIRE CCG,51.61538461538461,13
pandemic,01Y,NHS TAMESIDE AND GLOSSOP CCG,51.53846153846154,13
pandemic,05R,NHS SOUTH WARWICKSHIRE CCG,51.5,6
pandemic,71E,NHS LINCOLNSHIRE CCG,51.5,12
pandemic,07Y,NHS HOUNSLOW CCG,51.46153846153846,13
pandemic,92A,NHS SURREY HEARTLANDS CCG,51.416666666666664,12
pandemic,03Q,NHS VALE OF YORK CCG,51.38461538461539,13
pandemic,06F,NHS BEDFORDSHIRE CCG,51.38461538461539,13
pandemic,10L,NHS ISLE OF WIGHT CCG,51.333333333333336,12
pandemic,01J,NHS KNOWSLEY CCG,51.23076923076923,13
pandemic,11M,NHS GLOUCESTERSHIRE CCG,51.07692307692308,13
pandemic,15N,NHS DEVON CCG,51.07692307692308,13
pandemic,03L,NHS ROTHERHAM CCG,51.0,13
pandemic,15E,NHS BIRMINGHAM AND SOLIHULL CCG,51.0,13
pandemic,06L,NHS IPSWICH AND EAST SUFFOLK CCG,50.92307692307692,13
pandemic,06T,NHS NORTH EAST ESSEX CCG,50.92307692307692,13
pandemic,27D,NHS CHESHIRE CCG,50.916666666666664,12
pandemic,08N,NHS REDBRIDGE CCG,50.84615384615385,13
pandemic,01H,NHS NORTH CUMBRIA CCG,50.76923076923077,13
pandemic,99E,NHS BASILDON AND BRENTWOOD CCG,50.76923076923077,13
pandemic,91Q,NHS KENT AND MEDWAY CCG,50.666666666666664,12
pandemic,03J,NHS NORTH KIRKLEES CCG,50.38461538461539,13
pandemic,01F,NHS HALTON CCG,50.30769230769231,13
pandemic,99F,NHS CASTLE POINT AND ROCHFORD CCG,50.23076923076923,13
pandemic,00V,NHS BURY CCG,50.15384615384615,13
pandemic,02H,NHS WIGAN BOROUGH CCG,49.61538461538461,13
pandemic,02M,NHS FYLDE AND WYRE CCG,49.61538461538461,13
pandemic,92G,"NHS BATH AND NORTH EAST SOMERSET, SWINDON AND WILTSHIRE CCG",49.583333333333336,12
pandemic,00Q,NHS BLACKBURN WITH DARWEN CCG,49.53846153846154,13
pandemic,84H,NHS COUNTY DURHAM CCG,49.416666666666664,12
pandemic,93C,NHS NORTH CENTRAL LONDON CCG,49.333333333333336,12
pandemic,02X,NHS DONCASTER CCG,49.30769230769231,13
pandemic,01V,NHS SOUTHPORT AND FORMBY CCG,49.25,12
pandemic,10C,NHS SURREY HEATH CCG,49.23076923076923,13
pandemic,04F,NHS MILTON KEYNES CCG,49.07692307692308,13
pandemic,06H,NHS CAMBRIDGESHIRE AND PETERBOROUGH CCG,49.07692307692308,13
pandemic,15F,NHS LEEDS CCG,48.92307692307692,13
pandemic,02E,NHS WARRINGTON CCG,48.76923076923077,13
pandemic,06Q,NHS MID ESSEX CCG,48.76923076923077,13
pandemic,13T,NHS NEWCASTLE GATESHEAD CCG,48.46153846153846,13
pandemic,10X,NHS SOUTHAMPTON CCG,48.38461538461539,13
pandemic,05N,NHS SHROPSHIRE CCG,48.0,13
pandemic,99A,NHS LIVERPOOL CCG,47.92307692307692,13
pandemic,07H,NHS WEST ESSEX CCG,47.84615384615385,13
pandemic,01A,NHS EAST LANCASHIRE CCG,47.69230769230769,13
pandemic,11J,NHS DORSET CCG,47.53846153846154,13
pandemic,02G,NHS WEST LANCASHIRE CCG,47.38461538461539,13
pandemic,06N,NHS HERTS VALLEYS CCG,47.38461538461539,13
pandemic,03K,NHS NORTH LINCOLNSHIRE CCG,47.23076923076923,13
pandemic,15C,"NHS BRISTOL, NORTH SOMERSET AND SOUTH GLOUCESTERSHIRE CCG",47.23076923076923,13
pandemic,05Y,NHS WALSALL CCG,47.15384615384615,13
pandemic,99G,NHS SOUTHEND CCG,47.15384615384615,13
pandemic,08Y,NHS WEST LONDON CCG,46.46153846153846,13
pandemic,09A,NHS CENTRAL LONDON (WESTMINSTER) CCG,46.30769230769231,13
pandemic,01T,NHS SOUTH SEFTON CCG,46.23076923076923,13
pandemic,16C,NHS TEES VALLEY CCG,46.083333333333336,12
pandemic,00T,NHS BOLTON CCG,46.07692307692308,13
pandemic,01X,NHS ST HELENS CCG,45.92307692307692,13
pandemic,01E,NHS GREATER PRESTON CCG,45.84615384615385,13
pandemic,08G,NHS HILLINGDON CCG,45.46153846153846,13
pandemic,05V,NHS STAFFORD AND SURROUNDS CCG,45.09090909090909,11
pandemic,97R,NHS EAST SUSSEX CCG,45.083333333333336,12
pandemic,06K,NHS EAST AND NORTH HERTFORDSHIRE CCG,44.61538461538461,13
pandemic,00X,NHS CHORLEY AND SOUTH RIBBLE CCG,44.53846153846154,13
pandemic,14L,NHS MANCHESTER CCG,44.07692307692308,13
pandemic,04Y,NHS CANNOCK CHASE CCG,44.0,11
pandemic,01G,NHS SALFORD CCG,42.92307692307692,13
pandemic,11N,NHS KERNOW CCG,41.07692307692308,13
pandemic,05C,NHS DUDLEY CCG,40.76923076923077,13
pandemic,03N,NHS SHEFFIELD CCG,39.75,12
pandemic,14R,EAST OF ENGLAND - H&J COMMISSIONING HUB,38.0,8
pandemic,12F,NHS WIRRAL CCG,36.23076923076923,13
pandemic,09D,NHS BRIGHTON AND HOVE CCG,35.15384615384615,13
pre_pandemic,04N,NHS RUSHCLIFFE CCG,63.23076923076923,13
pre_pandemic,05D,NHS EAST STAFFORDSHIRE CCG,61.38461538461539,13
pre_pandemic,05X,NHS TELFORD AND WREKIN CCG,60.61538461538461,13
pre_pandemic,02A,NHS TRAFFORD CCG,60.23076923076923,13
pre_pandemic,05W,NHS STOKE ON TRENT CCG,60.23076923076923,13
pre_pandemic,06V,NHS NORTH NORFOLK CCG,60.0,13
pre_pandemic,03E,NHS HARROGATE AND RURAL DISTRICT CCG,59.69230769230769,13
pre_pandemic,02N,"NHS AIREDALE, WHARFEDALE AND CRAVEN CCG",59.38461538461539,13
pre_pandemic,06Y,NHS SOUTH NORFOLK CCG,59.30769230769231,13
pre_pandemic,10A,NHS SOUTH KENT COAST CCG,59.23076923076923,13
pre_pandemic,07T,NHS CITY AND HACKNEY CCG,58.69230769230769,13
pre_pandemic,09G,NHS COASTAL WEST SUSSEX CCG,58.61538461538461,13
pre_pandemic,13Q,NATIONAL COMMISSIONING HUB 1,58.416666666666664,12
pre_pandemic,14Y,NHS BUCKINGHAMSHIRE CCG,57.84615384615385,13
pre_pandemic,11X,NHS SOMERSET CCG,57.69230769230769,13
pre_pandemic,06M,NHS GREAT YARMOUTH AND WAVENEY CCG,57.46153846153846,13
pre_pandemic,07J,NHS WEST NORFOLK CCG,57.46153846153846,13
pre_pandemic,03F,NHS HULL CCG,57.30769230769231,13
pre_pandemic,08D,NHS HARINGEY CCG,57.30769230769231,13
pre_pandemic,04M,NHS NOTTINGHAM WEST CCG,57.23076923076923,13
pre_pandemic,99G,NHS SOUTHEND CCG,57.23076923076923,13
pre_pandemic,02T,NHS CALDERDALE CCG,57.15384615384615,13
pre_pandemic,99F,NHS CASTLE POINT AND ROCHFORD CCG,57.15384615384615,13
pre_pandemic,05G,NHS NORTH STAFFORDSHIRE CCG,57.07692307692308,13
pre_pandemic,00L,NHS NORTHUMBERLAND CCG,56.84615384615385,13
pre_pandemic,10R,NHS PORTSMOUTH CCG,56.61538461538461,13
pre_pandemic,03L,NHS ROTHERHAM CCG,56.30769230769231,13
pre_pandemic,14E,EAST OF ENGLAND COMMISSIONING HUB,56.15384615384615,13
pre_pandemic,04H,NHS NEWARK AND SHERWOOD CCG,55.92307692307692,13
pre_pandemic,05L,NHS SANDWELL AND WEST BIRMINGHAM CCG,55.92307692307692,13
pre_pandemic,02Y,NHS EAST RIDING OF YORKSHIRE CCG,55.69230769230769,13
pre_pandemic,05H,NHS WARWICKSHIRE NORTH CCG,55.69230769230769,13
pre_pandemic,05Q,NHS SOUTH EAST STAFFORDSHIRE AND SEISDON PENINSULA CCG,55.61538461538461,13
pre_pandemic,10E,NHS THANET CCG,55.46153846153846,13
pre_pandemic,04L,NHS NOTTINGHAM NORTH AND EAST CCG,55.38461538461539,13
pre_pandemic,06D,NHS WYRE FOREST CCG,55.38461538461539,13
pre_pandemic,08A,NHS GREENWICH CCG,55.30769230769231,13
pre_pandemic,08J,NHS KINGSTON CCG,55.30769230769231,13
pre_pandemic,15A,NHS BERKSHIRE WEST CCG,55.23076923076923,13
pre_pandemic,08E,NHS HARROW CCG,55.15384615384615,13
pre_pandemic,09A,NHS CENTRAL LONDON (WESTMINSTER) CCG,55.15384615384615,13
pre_pandemic,10D,NHS SWALE CCG,55.15384615384615,13
pre_pandemic,01W,NHS STOCKPORT CCG,55.07692307692308,13
pre_pandemic,09W,NHS MEDWAY CCG,55.07692307692308,13
pre_pandemic,99M,NHS NORTH EAST HAMPSHIRE AND FARNHAM CCG,55.0,13
pre_pandemic,00Y,NHS OLDHAM CCG,54.92307692307692,13
pre_pandemic,01K,NHS MORECAMBE BAY CCG,54.92307692307692,13
pre_pandemic,15D,NHS EAST BERKSHIRE CCG,54.84615384615385,13
pre_pandemic,02R,NHS BRADFORD DISTRICTS CCG,54.61538461538461,13
pre_pandemic,03D,"NHS HAMBLETON, RICHMONDSHIRE AND WHITBY CCG",54.53846153846154,13
pre_pandemic,07M,NHS BARNET CCG,54.53846153846154,13
pre_pandemic,07K,NHS WEST SUFFOLK CCG,54.46153846153846,13
pre_pandemic,07V,NHS CROYDON CCG,54.46153846153846,13
pre_pandemic,05R,NHS SOUTH WARWICKSHIRE CCG,54.38461538461539,13
pre_pandemic,02Q,NHS BASSETLAW CCG,54.30769230769231,13
pre_pandemic,04Q,NHS SOUTH WEST LINCOLNSHIRE CCG,54.23076923076923,13
pre_pandemic,09X,NHS HORSHAM AND MID SUSSEX CCG,54.23076923076923,13
pre_pandemic,08P,NHS RICHMOND CCG,54.083333333333336,12
pre_pandemic,00V,NHS BURY CCG,54.07692307692308,13
pre_pandemic,99D,NHS SOUTH LINCOLNSHIRE CCG,54.07692307692308,13
pre_pandemic,06W,NHS NORWICH CCG,54.0,13
pre_pandemic,08R,NHS MERTON CCG,53.92307692307692,13
pre_pandemic,09F,"NHS EASTBOURNE, HAILSHAM AND SEAFORD CCG",53.92307692307692,13
pre_pandemic,10K,NHS FAREHAM AND GOSPORT CCG,53.92307692307692,13
pre_pandemic,11A,NHS WEST HAMPSHIRE CCG,53.84615384615385,13
pre_pandemic,07P,NHS BRENT CCG,53.76923076923077,13
pre_pandemic,99C,NHS NORTH TYNESIDE CCG,53.76923076923077,13
pre_pandemic,11E,NHS BATH AND NORTH EAST SOMERSET CCG,53.69230769230769,13
pre_pandemic,10C,NHS SURREY HEATH CCG,53.53846153846154,13
pre_pandemic,09N,NHS GUILDFORD AND WAVERLEY CCG,53.46153846153846,13
pre_pandemic,10V,NHS SOUTH EASTERN HAMPSHIRE CCG,53.46153846153846,13
pre_pandemic,99K,NHS HIGH WEALD LEWES HAVENS CCG,53.46153846153846,13
pre_pandemic,02H,NHS WIGAN BOROUGH CCG,53.30769230769231,13
pre_pandemic,07G,NHS THURROCK CCG,53.30769230769231,13
pre_pandemic,08Y,NHS WEST LONDON CCG,53.30769230769231,13
pre_pandemic,08W,NHS WALTHAM FOREST CCG,53.23076923076923,13
pre_pandemic,08F,NHS HAVERING CCG,53.07692307692308,13
pre_pandemic,05J,NHS REDDITCH AND BROMSGROVE CCG,52.92307692307692,13
pre_pandemic,08C,NHS HAMMERSMITH AND FULHAM CCG,52.92307692307692,13
pre_pandemic,99H,NHS SURREY DOWNS CCG,52.92307692307692,13
pre_pandemic,05N,NHS SHROPSHIRE CCG,52.76923076923077,13
pre_pandemic,00N,NHS SOUTH TYNESIDE CCG,52.69230769230769,13
pre_pandemic,04Y,NHS CANNOCK CHASE CCG,52.69230769230769,13
pre_pandemic,07L,NHS BARKING AND DAGENHAM CCG,52.69230769230769,13
pre_pandemic,03J,NHS NORTH KIRKLEES CCG,52.61538461538461,13
pre_pandemic,09C,NHS ASHFORD CCG,52.61538461538461,13
pre_pandemic,03A,NHS GREATER HUDDERSFIELD CCG,52.53846153846154,13
pre_pandemic,08K,NHS LAMBETH CCG,52.46153846153846,13
pre_pandemic,02P,NHS BARNSLEY CCG,52.38461538461539,13
pre_pandemic,15E,NHS BIRMINGHAM AND SOLIHULL CCG,52.30769230769231,13
pre_pandemic,02X,NHS DONCASTER CCG,52.23076923076923,13
pre_pandemic,03R,NHS WAKEFIELD CCG,52.23076923076923,13
pre_pandemic,05A,NHS COVENTRY AND RUGBY CCG,52.23076923076923,13
pre_pandemic,09E,NHS CANTERBURY AND COASTAL CCG,52.15384615384615,13
pre_pandemic,00K,NHS HARTLEPOOL AND STOCKTON-ON-TEES CCG,51.92307692307692,13
pre_pandemic,09Y,NHS NORTH WEST SURREY CCG,51.92307692307692,13
pre_pandemic,05T,NHS SOUTH WORCESTERSHIRE CCG,51.84615384615385,13
pre_pandemic,05V,NHS STAFFORD AND SURROUNDS CCG,51.84615384615385,13
pre_pandemic,01A,NHS EAST LANCASHIRE CCG,51.76923076923077,13
pre_pandemic,03V,NHS CORBY CCG,51.76923076923077,13
pre_pandemic,00P,NHS SUNDERLAND CCG,51.61538461538461,13
pre_pandemic,01Y,NHS TAMESIDE AND GLOSSOP CCG,51.53846153846154,13
pre_pandemic,06F,NHS BEDFORDSHIRE CCG,51.53846153846154,13
pre_pandemic,08X,NHS WANDSWORTH CCG,51.46153846153846,13
pre_pandemic,10J,NHS NORTH HAMPSHIRE CCG,51.46153846153846,13
pre_pandemic,08M,NHS NEWHAM CCG,51.38461538461539,13
pre_pandemic,08G,NHS HILLINGDON CCG,51.30769230769231,13
pre_pandemic,12D,NHS SWINDON CCG,51.30769230769231,13
pre_pandemic,01D,"NHS HEYWOOD, MIDDLETON AND ROCHDALE CCG",51.23076923076923,13
pre_pandemic,08V,NHS TOWER HAMLETS CCG,51.23076923076923,13
pre_pandemic,11J,NHS DORSET CCG,51.23076923076923,13
pre_pandemic,00T,NHS BOLTON CCG,51.15384615384615,13
pre_pandemic,06L,NHS IPSWICH AND EAST SUFFOLK CCG,51.07692307692308,13
pre_pandemic,03Q,NHS VALE OF YORK CCG,51.0,13
pre_pandemic,08H,NHS ISLINGTON CCG,51.0,13
pre_pandemic,04G,NHS NENE CCG,50.92307692307692,13
pre_pandemic,08Q,NHS SOUTHWARK CCG,50.92307692307692,13
pre_pandemic,05Y,NHS WALSALL CCG,50.84615384615385,13
pre_pandemic,00M,NHS SOUTH TEES CCG,50.76923076923077,13
pre_pandemic,00X,NHS CHORLEY AND SOUTH RIBBLE CCG,50.76923076923077,13
pre_pandemic,01H,NHS NORTH CUMBRIA CCG,50.76923076923077,13
pre_pandemic,09L,NHS EAST SURREY CCG,50.76923076923077,13
pre_pandemic,05F,NHS HEREFORDSHIRE CCG,50.69230769230769,13
pre_pandemic,09J,"NHS DARTFORD, GRAVESHAM AND SWANLEY CCG",50.61538461538461,13
pre_pandemic,99N,NHS WILTSHIRE CCG,50.61538461538461,13
pre_pandemic,06Q,NHS MID ESSEX CCG,50.53846153846154,13
pre_pandemic,10Q,NHS OXFORDSHIRE CCG,50.53846153846154,13
pre_pandemic,08L,NHS LEWISHAM CCG,50.46153846153846,13
pre_pandemic,99E,NHS BASILDON AND BRENTWOOD CCG,50.38461538461539,13
pre_pandemic,07Q,NHS BROMLEY CCG,50.333333333333336,12
pre_pandemic,04F,NHS MILTON KEYNES CCG,50.30769230769231,13
pre_pandemic,07Y,NHS HOUNSLOW CCG,50.30769230769231,13
pre_pandemic,02E,NHS WARRINGTON CCG,50.23076923076923,13
pre_pandemic,03N,NHS SHEFFIELD CCG,50.23076923076923,13
pre_pandemic,10X,NHS SOUTHAMPTON CCG,50.23076923076923,13
pre_pandemic,01V,NHS SOUTHPORT AND FORMBY CCG,50.166666666666664,12
pre_pandemic,10L,NHS ISLE OF WIGHT CCG,50.15384615384615,13
pre_pandemic,03W,NHS EAST LEICESTERSHIRE AND RUTLAND CCG,50.07692307692308,13
pre_pandemic,02M,NHS FYLDE AND WYRE CCG,50.0,13
pre_pandemic,04D,NHS LINCOLNSHIRE WEST CCG,50.0,13
pre_pandemic,06H,NHS CAMBRIDGESHIRE AND PETERBOROUGH CCG,50.0,13
pre_pandemic,09H,NHS CRAWLEY CCG,49.92307692307692,13
pre_pandemic,11M,NHS GLOUCESTERSHIRE CCG,49.92307692307692,13
pre_pandemic,01J,NHS KNOWSLEY CCG,49.84615384615385,13
pre_pandemic,03M,NHS SCARBOROUGH AND RYEDALE CCG,49.84615384615385,13
pre_pandemic,04K,NHS NOTTINGHAM CITY CCG,49.84615384615385,13
pre_pandemic,07N,NHS BEXLEY CCG,49.84615384615385,13
pre_pandemic,07W,NHS EALING CCG,49.76923076923077,13
pre_pandemic,01E,NHS GREATER PRESTON CCG,49.69230769230769,13
pre_pandemic,08N,NHS REDBRIDGE CCG,49.69230769230769,13
pre_pandemic,06P,NHS LUTON CCG,49.666666666666664,12
pre_pandemic,06N,NHS HERTS VALLEYS CCG,49.53846153846154,13
pre_pandemic,04C,NHS LEICESTER CITY CCG,49.38461538461539,13
pre_pandemic,07R,NHS CAMDEN CCG,49.07692307692308,13
pre_pandemic,00R,NHS BLACKPOOL CCG,49.0,13
pre_pandemic,09P,NHS HASTINGS AND ROTHER CCG,49.0,13
pre_pandemic,06T,NHS NORTH EAST ESSEX CCG,48.92307692307692,13
pre_pandemic,00C,NHS DARLINGTON CCG,48.61538461538461,13
pre_pandemic,99J,NHS WEST KENT CCG,48.53846153846154,13
pre_pandemic,01C,NHS EASTERN CHESHIRE CCG,48.46153846153846,13
pre_pandemic,04E,NHS MANSFIELD AND ASHFIELD CCG,48.38461538461539,13
pre_pandemic,07X,NHS ENFIELD CCG,48.38461538461539,13
pre_pandemic,00Q,NHS BLACKBURN WITH DARWEN CCG,48.30769230769231,13
pre_pandemic,06K,NHS EAST AND NORTH HERTFORDSHIRE CCG,48.23076923076923,13
pre_pandemic,02G,NHS WEST LANCASHIRE CCG,48.15384615384615,13
pre_pandemic,06A,NHS WOLVERHAMPTON CCG,48.15384615384615,13
pre_pandemic,02F,NHS WEST CHESHIRE CCG,48.0,13
pre_pandemic,07H,NHS WEST ESSEX CCG,48.0,13
pre_pandemic,01F,NHS HALTON CCG,47.84615384615385,13
pre_pandemic,13T,NHS NEWCASTLE GATESHEAD CCG,47.76923076923077,13
pre_pandemic,00J,NHS NORTH DURHAM CCG,47.46153846153846,13
pre_pandemic,02W,NHS BRADFORD CITY CCG,47.46153846153846,13
pre_pandemic,03T,NHS LINCOLNSHIRE EAST CCG,47.46153846153846,13
pre_pandemic,04V,NHS WEST LEICESTERSHIRE CCG,47.23076923076923,13
pre_pandemic,15M,NHS DERBY AND DERBYSHIRE CCG,47.15384615384615,13
pre_pandemic,05C,NHS DUDLEY CCG,46.92307692307692,13
pre_pandemic,03H,NHS NORTH EAST LINCOLNSHIRE CCG,46.53846153846154,13
pre_pandemic,08T,NHS SUTTON CCG,46.15384615384615,13
pre_pandemic,14L,NHS MANCHESTER CCG,45.76923076923077,13
pre_pandemic,15F,NHS LEEDS CCG,45.53846153846154,13
pre_pandemic,99A,NHS LIVERPOOL CCG,45.38461538461539,13
pre_pandemic,11N,NHS KERNOW CCG,45.0,13
pre_pandemic,03K,NHS NORTH LINCOLNSHIRE CCG,44.69230769230769,13
pre_pandemic,09D,NHS BRIGHTON AND HOVE CCG,44.61538461538461,13
pre_pandemic,01R,NHS SOUTH CHESHIRE CCG,44.166666666666664,12
pre_pandemic,01T,NHS SOUTH SEFTON CCG,44.166666666666664,12
pre_pandemic,00D,"NHS DURHAM DALES, EASINGTON AND SEDGEFIELD CCG",44.15384615384615,13
pre_pandemic,01G,NHS SALFORD CCG,43.92307692307692,13
pre_pandemic,02D,NHS VALE ROYAL CCG,42.25,12
pre_pandemic,15N,NHS DEVON CCG,41.61538461538461,13
pre_pandemic,15C,"NHS BRISTOL, NORTH SOMERSET AND SOUTH GLOUCESTERSHIRE CCG",40.916666666666664,12
pre_pandemic,01X,NHS ST HELENS CCG,40.38461538461539,13
pre_pandemic,12F,NHS WIRRAL CCG,35.083333333333336,12
pre_pandemic,03X,NHS EREWASH CCG,9.153846153846153,13
pre_pandemic,04J,NHS NORTH DERBYSHIRE CCG,9.076923076923077,13
pre_pandemic,04R,NHS SOUTHERN DERBYSHIRE CCG,9.076923076923077,13
pre_pandemic,03Y,NHS HARDWICK CCG,8.846153846153847,13
pre_pandemic,99P,"NHS NORTHERN, EASTERN AND WESTERN DEVON CCG",7.0,13
pre_pandemic,99Q,NHS SOUTH DEVON AND TORBAY CCG,6.769230769230769,13
pre_pandemic,14A,NORTH MIDLANDS COMMISSIONING HUB,0.0,11
recovery,70F,NHS WEST SUSSEX CCG,60.4,15
recovery,11X,NHS SOMERSET CCG,58.86666666666667,15
recovery,02Y,NHS HUMBER AND NORTH YORKSHIRE ICB - 02Y,58.41860465116279,43
recovery,00P,NHS SUNDERLAND CCG,58.13333333333333,15
recovery,99C,NHS NORTH TYNESIDE CCG,57.46666666666667,15
recovery,99E,NHS MID AND SOUTH ESSEX ICB - 99E,57.34090909090909,44
recovery,03W,NHS EAST LEICESTERSHIRE AND RUTLAND CCG,57.2,15
recovery,42D,NHS NORTH YORKSHIRE CCG,57.2,15
recovery,10R,NHS PORTSMOUTH CCG,57.06666666666667,15
recovery,05G,NHS NORTH STAFFORDSHIRE CCG,56.733333333333334,15
recovery,01A,NHS EAST LANCASHIRE CCG,56.266666666666666,15
recovery,99C,NHS NORTH EAST AND NORTH CUMBRIA ICB - 99C,55.95652173913044,46
recovery,01K,NHS MORECAMBE BAY CCG,55.86666666666667,15
recovery,14Y,NHS BUCKINGHAMSHIRE CCG,55.666666666666664,15
recovery,03F,NHS HULL CCG,55.53333333333333,15
recovery,05Q,NHS SOUTH EAST STAFFORDSHIRE AND SEISDON PENINSULA CCG,55.333333333333336,15
recovery,02A,NHS GREATER MANCHESTER ICB - 02A,55.15217391304348,46
recovery,00N,NHS SOUTH TYNESIDE CCG,55.06666666666667,15
recovery,00Q,NHS BLACKBURN WITH DARWEN CCG,55.0,15
recovery,02Q,NHS BASSETLAW CCG,54.86666666666667,15
recovery,03Q,NHS HUMBER AND NORTH YORKSHIRE ICB - 03Q,54.82608695652174,46
recovery,02G,NHS WEST LANCASHIRE CCG,54.666666666666664,15
recovery,03F,NHS HUMBER AND NORTH YORKSHIRE ICB - 03F,54.65217391304348,46
recovery,04Y,NHS CANNOCK CHASE CCG,54.6,15
recovery,13Q,NATIONAL COMMISSIONING HUB 1,54.458333333333336,48
recovery,05D,NHS EAST STAFFORDSHIRE CCG,54.333333333333336,15
recovery,70F,NHS SUSSEX ICB - 70F,54.24444444444445,45
recovery,26A,NHS NORFOLK AND WAVENEY CCG,54.2,15
recovery,03Q,NHS VALE OF YORK CCG,54.13333333333333,15
recovery,02A,NHS TRAFFORD CCG,54.06666666666667,15
recovery,99E,NHS BASILDON AND BRENTWOOD CCG,54.06666666666667,15
recovery,02Q,NHS NOTTINGHAM AND NOTTINGHAMSHIRE ICB - 02Q,53.93478260869565,46
recovery,02T,NHS CALDERDALE CCG,53.86666666666667,15
recovery,05V,NHS STAFFORD AND SURROUNDS CCG,53.86666666666667,15
recovery,99F,NHS MID AND SOUTH ESSEX ICB - 99F,53.86666666666667,45
recovery,11X,NHS SOMERSET ICB - 11X,53.84444444444444,45
recovery,02Y,NHS EAST RIDING OF YORKSHIRE CCG,53.8,15
recovery,05G,NHS STAFFORDSHIRE AND STOKE-ON-TRENT ICB - 05G,53.78260869565217,46
recovery,07H,NHS HERTFORDSHIRE AND WEST ESSEX ICB - 07H,53.75555555555555,45
recovery,04V,NHS WEST LEICESTERSHIRE CCG,53.733333333333334,15
recovery,05W,NHS STAFFORDSHIRE AND STOKE-ON-TRENT ICB - 05W,53.69565217391305,46
recovery,84H,NHS COUNTY DURHAM CCG,53.666666666666664,15
recovery,A3A8R,NHS NORTH EAST LONDON CCG,53.666666666666664,15
recovery,36L,NHS SOUTH WEST LONDON CCG,53.6,15
recovery,02G,NHS LANCASHIRE AND SOUTH CUMBRIA ICB - 02G,53.54347826086956,46
recovery,03W,"NHS LEICESTER, LEICESTERSHIRE AND RUTLAND ICB - 03W",53.5,46
recovery,X2C4Y,NHS WEST YORKSHIRE ICB - X2C4Y,53.5,46
recovery,02M,NHS LANCASHIRE AND SOUTH CUMBRIA ICB - 02M,53.45652173913044,46
recovery,05D,NHS STAFFORDSHIRE AND STOKE-ON-TRENT ICB - 05D,53.41304347826087,46
recovery,05V,NHS STAFFORDSHIRE AND STOKE-ON-TRENT ICB - 05V,53.34782608695652,46
recovery,15C,"NHS BRISTOL, NORTH SOMERSET AND SOUTH GLOUCESTERSHIRE ICB - 15C",53.21739130434783,46
recovery,00R,NHS BLACKPOOL CCG,53.2,15
recovery,05Q,NHS STAFFORDSHIRE AND STOKE-ON-TRENT ICB - 05Q,53.130434782608695,46
recovery,42D,NHS HUMBER AND NORTH YORKSHIRE ICB - 42D,53.08695652173913,46
recovery,07K,NHS SUFFOLK AND NORTH EAST ESSEX ICB - 07K,53.02272727272727,44
recovery,02E,NHS CHESHIRE AND MERSEYSIDE ICB - 02E,52.97826086956522,46
recovery,27D,NHS CHESHIRE CCG,52.93333333333333,15
recovery,15N,NHS DEVON CCG,52.86666666666667,15
recovery,07G,NHS MID AND SOUTH ESSEX ICB - 07G,52.82222222222222,45
recovery,15N,NHS DEVON ICB - 15N,52.71739130434783,46
recovery,02T,NHS WEST YORKSHIRE ICB - 02T,52.47826086956522,46
recovery,07K,NHS WEST SUFFOLK CCG,52.46666666666667,15
recovery,36L,NHS SOUTH WEST LONDON ICB - 36L,52.43478260869565,46
recovery,06L,NHS IPSWICH AND EAST SUFFOLK CCG,52.4,15
recovery,X2C4Y,NHS KIRKLEES CCG,52.333333333333336,15
recovery,78H,NHS NORTHAMPTONSHIRE CCG,52.266666666666666,15
recovery,06N,NHS HERTS VALLEYS CCG,52.2,15
recovery,14Y,"NHS BUCKINGHAMSHIRE, OXFORDSHIRE AND BERKSHIRE WEST ICB - 14Y",52.13333333333333,45
recovery,99F,NHS CASTLE POINT AND ROCHFORD CCG,52.13333333333333,15
recovery,36J,NHS BRADFORD DISTRICT AND CRAVEN CCG,52.06666666666667,15
recovery,00L,NHS NORTH EAST AND NORTH CUMBRIA ICB - 00L,52.02173913043478,46
recovery,26A,NHS NORFOLK AND WAVENEY ICB - 26A,51.95454545454545,44
recovery,15C,"NHS BRISTOL, NORTH SOMERSET AND SOUTH GLOUCESTERSHIRE CCG",51.93333333333333,15
recovery,06L,NHS SUFFOLK AND NORTH EAST ESSEX ICB - 06L,51.93181818181818,44
recovery,01V,NHS CHESHIRE AND MERSEYSIDE ICB - 01V,51.91304347826087,46
recovery,11M,NHS GLOUCESTERSHIRE ICB - 11M,51.91304347826087,46
recovery,13T,NHS NORTH EAST AND NORTH CUMBRIA ICB - 13T,51.891304347826086,46
recovery,06K,NHS EAST AND NORTH HERTFORDSHIRE CCG,51.86666666666667,15
recovery,72Q,NHS SOUTH EAST LONDON CCG,51.86666666666667,15
recovery,01W,NHS GREATER MANCHESTER ICB - 01W,51.82608695652174,46
recovery,01A,NHS LANCASHIRE AND SOUTH CUMBRIA ICB - 01A,51.76086956521739,46
recovery,02M,NHS FYLDE AND WYRE CCG,51.733333333333334,15
recovery,15A,NHS BERKSHIRE WEST CCG,51.6,15
recovery,03N,NHS SOUTH YORKSHIRE ICB - 03N,51.58695652173913,46
recovery,78H,NHS NORTHAMPTONSHIRE ICB - 78H,51.47826086956522,46
recovery,00L,NHS NORTHUMBERLAND CCG,51.46666666666667,15
recovery,16C,NHS TEES VALLEY CCG,51.4,15
recovery,04V,"NHS LEICESTER, LEICESTERSHIRE AND RUTLAND ICB - 04V",51.369565217391305,46
recovery,10Q,"NHS BUCKINGHAMSHIRE, OXFORDSHIRE AND BERKSHIRE WEST ICB - 10Q",51.355555555555554,45
recovery,02H,NHS WIGAN BOROUGH CCG,51.333333333333336,15
recovery,02P,NHS BARNSLEY CCG,51.333333333333336,15
recovery,15M,NHS DERBY AND DERBYSHIRE ICB - 15M,51.28260869565217,46
recovery,01H,NHS NORTH CUMBRIA CCG,51.266666666666666,15
recovery,00V,NHS GREATER MANCHESTER ICB - 00V,51.23913043478261,46
recovery,01X,NHS ST HELENS CCG,51.2,15
recovery,36J,NHS WEST YORKSHIRE ICB - 36J,51.15217391304348,46
recovery,D4U1Y,NHS FRIMLEY CCG,51.06666666666667,15
recovery,99G,NHS MID AND SOUTH ESSEX ICB - 99G,51.022222222222226,45
recovery,00Y,NHS OLDHAM CCG,51.0,15
recovery,15M,NHS DERBY AND DERBYSHIRE CCG,50.93333333333333,15
recovery,52R,NHS NOTTINGHAM AND NOTTINGHAMSHIRE CCG,50.86666666666667,15
recovery,06T,NHS SUFFOLK AND NORTH EAST ESSEX ICB - 06T,50.82222222222222,45
recovery,52R,NHS NOTTINGHAM AND NOTTINGHAMSHIRE ICB - 52R,50.78260869565217,46
recovery,01E,NHS GREATER PRESTON CCG,50.666666666666664,15
recovery,99G,NHS SOUTHEND CCG,50.666666666666664,15
recovery,01X,NHS CHESHIRE AND MERSEYSIDE ICB - 01X,50.65217391304348,46
recovery,03R,NHS WEST YORKSHIRE ICB - 03R,50.65217391304348,46
recovery,00N,NHS NORTH EAST AND NORTH CUMBRIA ICB - 00N,50.630434782608695,46
recovery,00P,NHS NORTH EAST AND NORTH CUMBRIA ICB - 00P,50.630434782608695,46
recovery,72Q,NHS SOUTH EAST LONDON ICB - 72Q,50.608695652173914,46
recovery,01W,NHS STOCKPORT CCG,50.6,15
recovery,03R,NHS WAKEFIELD CCG,50.6,15
recovery,B2M3M,NHS COVENTRY AND WARWICKSHIRE CCG,50.6,15
recovery,11J,NHS DORSET CCG,50.53333333333333,15
recovery,10R,NHS HAMPSHIRE AND ISLE OF WIGHT ICB - 10R,50.52173913043478,46
recovery,27D,NHS CHESHIRE AND MERSEYSIDE ICB - 27D,50.5,46
recovery,07G,NHS THURROCK CCG,50.46666666666667,15
recovery,18C,NHS HEREFORDSHIRE AND WORCESTERSHIRE ICB - 18C,50.43478260869565,46
recovery,B2M3M,NHS COVENTRY AND WARWICKSHIRE ICB - B2M3M,50.391304347826086,46
recovery,01F,NHS HALTON CCG,50.266666666666666,15
recovery,W2U3Z,NHS NORTH WEST LONDON CCG,50.266666666666666,15
recovery,01Y,NHS GREATER MANCHESTER ICB - 01Y,50.23913043478261,46
recovery,D9Y0V,"NHS HAMPSHIRE, SOUTHAMPTON AND ISLE OF WIGHT CCG",50.2,15
recovery,01F,NHS CHESHIRE AND MERSEYSIDE ICB - 01F,50.19565217391305,46
recovery,05W,NHS STOKE ON TRENT CCG,50.13333333333333,15
recovery,M1J4Y,"NHS BEDFORDSHIRE, LUTON AND MILTON KEYNES CCG",50.13333333333333,15
recovery,01D,"NHS HEYWOOD, MIDDLETON AND ROCHDALE CCG",50.06666666666667,15
recovery,03N,NHS SHEFFIELD CCG,50.06666666666667,15
recovery,18C,NHS HEREFORDSHIRE AND WORCESTERSHIRE CCG,50.06666666666667,15
recovery,02P,NHS SOUTH YORKSHIRE ICB - 02P,50.02173913043478,46
recovery,16C,NHS NORTH EAST AND NORTH CUMBRIA ICB - 16C,50.0,46
recovery,71E,NHS LINCOLNSHIRE ICB - 71E,50.0,45
recovery,97R,NHS SUSSEX ICB - 97R,50.0,45
recovery,01J,NHS CHESHIRE AND MERSEYSIDE ICB - 01J,49.97826086956522,46
recovery,01H,NHS NORTH EAST AND NORTH CUMBRIA ICB - 01H,49.869565217391305,46
recovery,D4U1Y,NHS FRIMLEY ICB - D4U1Y,49.86666666666667,45
recovery,01K,NHS LANCASHIRE AND SOUTH CUMBRIA ICB - 01K,49.82608695652174,46
recovery,11M,NHS GLOUCESTERSHIRE CCG,49.8,15
recovery,M2L0M,"NHS SHROPSHIRE, TELFORD AND WREKIN CCG",49.8,15
recovery,M2L0M,"NHS SHROPSHIRE, TELFORD AND WREKIN ICB - M2L0M",49.78260869565217,46
recovery,06N,NHS HERTFORDSHIRE AND WEST ESSEX ICB - 06N,49.733333333333334,45
recovery,93C,NHS NORTH CENTRAL LONDON CCG,49.733333333333334,15
recovery,06Q,NHS MID AND SOUTH ESSEX ICB - 06Q,49.71111111111111,45
recovery,04Y,NHS STAFFORDSHIRE AND STOKE-ON-TRENT ICB - 04Y,49.630434782608695,46
recovery,03L,NHS ROTHERHAM CCG,49.53333333333333,15
recovery,71E,NHS LINCOLNSHIRE CCG,49.53333333333333,15
recovery,D9Y0V,NHS HAMPSHIRE AND ISLE OF WIGHT ICB - D9Y0V,49.52173913043478,46
recovery,00Q,NHS LANCASHIRE AND SOUTH CUMBRIA ICB - 00Q,49.41304347826087,46
recovery,13T,NHS NEWCASTLE GATESHEAD CCG,49.4,15
recovery,92A,NHS SURREY HEARTLANDS CCG,49.4,15
recovery,A3A8R,NHS NORTH EAST LONDON ICB - A3A8R,49.34782608695652,46
recovery,03H,NHS NORTH EAST LINCOLNSHIRE CCG,49.333333333333336,15
recovery,00R,NHS LANCASHIRE AND SOUTH CUMBRIA ICB - 00R,49.30434782608695,46
recovery,92A,NHS SURREY HEARTLANDS ICB - 92A,49.28888888888889,45
recovery,00X,NHS CHORLEY AND SOUTH RIBBLE CCG,49.266666666666666,15
recovery,97R,NHS EAST SUSSEX CCG,49.2,15
recovery,W2U3Z,NHS NORTH WEST LONDON ICB - W2U3Z,49.2,45
recovery,84H,NHS NORTH EAST AND NORTH CUMBRIA ICB - 84H,49.17777777777778,45
recovery,00V,NHS BURY CCG,49.13333333333333,15
recovery,15E,NHS BIRMINGHAM AND SOLIHULL CCG,49.13333333333333,15
recovery,01J,NHS KNOWSLEY CCG,49.06666666666667,15
recovery,06H,NHS CAMBRIDGESHIRE AND PETERBOROUGH CCG,49.06666666666667,15
recovery,06Q,NHS MID ESSEX CCG,49.0,15
recovery,15A,"NHS BUCKINGHAMSHIRE, OXFORDSHIRE AND BERKSHIRE WEST ICB - 15A",48.93333333333333,45
recovery,02X,NHS SOUTH YORKSHIRE ICB - 02X,48.869565217391305,46
recovery,00T,NHS BOLTON CCG,48.86666666666667,15
recovery,01E,NHS LANCASHIRE AND SOUTH CUMBRIA ICB - 01E,48.84782608695652,46
recovery,91Q,NHS KENT AND MEDWAY ICB - 91Q,48.80434782608695,46
recovery,06H,NHS CAMBRIDGESHIRE AND PETERBOROUGH ICB - 06H,48.8,45
recovery,07H,NHS WEST ESSEX CCG,48.733333333333334,15
recovery,06T,NHS NORTH EAST ESSEX CCG,48.666666666666664,15
recovery,11J,NHS DORSET ICB - 11J,48.630434782608695,46
recovery,M1J4Y,"NHS BEDFORDSHIRE, LUTON AND MILTON KEYNES ICB - M1J4Y",48.62222222222222,45
recovery,03K,NHS HUMBER AND NORTH YORKSHIRE ICB - 03K,48.52173913043478,46
recovery,06K,NHS HERTFORDSHIRE AND WEST ESSEX ICB - 06K,48.46666666666667,45
recovery,01Y,NHS TAMESIDE AND GLOSSOP CCG,48.4,15
recovery,91Q,NHS KENT AND MEDWAY CCG,48.4,15
recovery,03L,NHS SOUTH YORKSHIRE ICB - 03L,48.30434782608695,46
recovery,03K,NHS NORTH LINCOLNSHIRE CCG,48.2,15
recovery,93C,NHS NORTH CENTRAL LONDON ICB - 93C,48.044444444444444,45
recovery,10Q,NHS OXFORDSHIRE CCG,47.733333333333334,15
recovery,99A,NHS CHESHIRE AND MERSEYSIDE ICB - 99A,47.608695652173914,46
recovery,04C,NHS LEICESTER CITY CCG,47.6,15
recovery,01D,NHS GREATER MANCHESTER ICB - 01D,47.52173913043478,46
recovery,00T,NHS GREATER MANCHESTER ICB - 00T,47.5,46
recovery,15E,NHS BIRMINGHAM AND SOLIHULL ICB - 15E,47.41304347826087,46
recovery,D2P2L,NHS BLACK COUNTRY AND WEST BIRMINGHAM CCG,47.4,15
recovery,D2P2L,NHS BLACK COUNTRY ICB - D2P2L,47.04347826086956,46
recovery,02E,NHS WARRINGTON CCG,47.0,15
recovery,02X,NHS DONCASTER CCG,46.93333333333333,15
recovery,02H,NHS GREATER MANCHESTER ICB - 02H,46.869565217391305,46
recovery,09D,NHS SUSSEX ICB - 09D,46.75555555555555,45
recovery,01T,NHS CHESHIRE AND MERSEYSIDE ICB - 01T,46.630434782608695,46
recovery,12F,NHS CHESHIRE AND MERSEYSIDE ICB - 12F,46.61363636363637,44
recovery,14L,NHS GREATER MANCHESTER ICB - 14L,46.369565217391305,46
recovery,01V,NHS SOUTHPORT AND FORMBY CCG,46.333333333333336,15
recovery,00X,NHS LANCASHIRE AND SOUTH CUMBRIA ICB - 00X,46.15217391304348,46
recovery,11N,NHS CORNWALL AND THE ISLES OF SCILLY ICB - 11N,46.022222222222226,45
recovery,15F,NHS WEST YORKSHIRE ICB - 15F,45.955555555555556,45
recovery,03H,NHS HUMBER AND NORTH YORKSHIRE ICB - 03H,45.888888888888886,45
recovery,99A,NHS LIVERPOOL CCG,45.42857142857143,14
recovery,01T,NHS SOUTH SEFTON CCG,45.266666666666666,15
recovery,14R,EAST OF ENGLAND - H&J COMMISSIONING HUB,45.11538461538461,52
recovery,14L,NHS MANCHESTER CCG,45.06666666666667,15
recovery,00Y,NHS GREATER MANCHESTER ICB - 00Y,44.80434782608695,46
recovery,09D,NHS BRIGHTON AND HOVE CCG,44.0,15
recovery,92G,"NHS BATH AND NORTH EAST SOMERSET, SWINDON AND WILTSHIRE ICB - 92G",43.82608695652174,46
recovery,04C,"NHS LEICESTER, LEICESTERSHIRE AND RUTLAND ICB - 04C",43.608695652173914,46
recovery,15F,NHS LEEDS CCG,41.333333333333336,15
recovery,11N,NHS KERNOW CCG,39.53333333333333,15
recovery,01G,NHS GREATER MANCHESTER ICB - 01G,39.45652173913044,46
recovery,01G,NHS SALFORD CCG,39.0,15
recovery,12F,NHS WIRRAL CCG,33.93333333333333,15
recovery,92G,"NHS BATH AND NORTH EAST SOMERSET, SWINDON AND WILTSHIRE CCG",25.733333333333334,15
