period_start,analytical_period,measure_id,measure_name,measure_value
2019-02-01,pre_pandemic,M001,Count_ReferralsReceived,137647.0
2019-02-01,pre_pandemic,M053,Percentage_FirstTreatment6WeeksFinishedCourseTreatment,88.6
2019-02-01,pre_pandemic,M076,Count_FinishedCourseTreatment,46212.0
2019-02-01,pre_pandemic,M192,Percentage_Recovery,53.6
2019-02-01,pre_pandemic,M195,Percentage_ReliableRecovery,51.1
2019-03-01,pre_pandemic,M001,Count_ReferralsReceived,146661.0
2019-03-01,pre_pandemic,M053,Percentage_FirstTreatment6WeeksFinishedCourseTreatment,88.9
2019-03-01,pre_pandemic,M076,Count_FinishedCourseTreatment,50233.0
2019-03-01,pre_pandemic,M192,Percentage_Recovery,53.1
2019-03-01,pre_pandemic,M195,Percentage_ReliableRecovery,50.6
2019-04-01,pre_pandemic,M001,Count_ReferralsReceived,133191.0
2019-04-01,pre_pandemic,M053,Percentage_FirstTreatment6WeeksFinishedCourseTreatment,88.0
2019-04-01,pre_pandemic,M076,Count_FinishedCourseTreatment,49389.0
2019-04-01,pre_pandemic,M192,Percentage_Recovery,52.9
2019-04-01,pre_pandemic,M195,Percentage_ReliableRecovery,50.2
2019-05-01,pre_pandemic,M001,Count_ReferralsReceived,144529.0
2019-05-01,pre_pandemic,M053,Percentage_FirstTreatment6WeeksFinishedCourseTreatment,87.8
2019-05-01,pre_pandemic,M076,Count_FinishedCourseTreatment,52086.0
2019-05-01,pre_pandemic,M192,Percentage_Recovery,52.1
2019-05-01,pre_pandemic,M195,Percentage_ReliableRecovery,49.5
2019-06-01,pre_pandemic,M001,Count_ReferralsReceived,137264.0
2019-06-01,pre_pandemic,M053,Percentage_FirstTreatment6WeeksFinishedCourseTreatment,86.8
2019-06-01,pre_pandemic,M076,Count_FinishedCourseTreatment,47783.0
2019-06-01,pre_pandemic,M192,Percentage_Recovery,51.4
2019-06-01,pre_pandemic,M195,Percentage_ReliableRecovery,48.9
2019-07-01,pre_pandemic,M001,Count_ReferralsReceived,145159.0
2019-07-01,pre_pandemic,M053,Percentage_FirstTreatment6WeeksFinishedCourseTreatment,85.7
2019-07-01,pre_pandemic,M076,Count_FinishedCourseTreatment,58573.0
2019-07-01,pre_pandemic,M192,Percentage_Recovery,51.4
2019-07-01,pre_pandemic,M195,Percentage_ReliableRecovery,48.8
2019-08-01,pre_pandemic,M001,Count_ReferralsReceived,130601.0
2019-08-01,pre_pandemic,M053,Percentage_FirstTreatment6WeeksFinishedCourseTreatment,87.3
2019-08-01,pre_pandemic,M076,Count_FinishedCourseTreatment,48547.0
2019-08-01,pre_pandemic,M192,Percentage_Recovery,52.2
2019-08-01,pre_pandemic,M195,Percentage_ReliableRecovery,49.6
2019-09-01,pre_pandemic,M001,Count_ReferralsReceived,140325.0
2019-09-01,pre_pandemic,M053,Percentage_FirstTreatment6WeeksFinishedCourseTreatment,87.3
2019-09-01,pre_pandemic,M076,Count_FinishedCourseTreatment,50103.0
2019-09-01,pre_pandemic,M192,Percentage_Recovery,51.9
2019-09-01,pre_pandemic,M195,Percentage_ReliableRecovery,49.4
2019-10-01,pre_pandemic,M001,Count_ReferralsReceived,159497.0
2019-10-01,pre_pandemic,M053,Percentage_FirstTreatment6WeeksFinishedCourseTreatment,87.3
2019-10-01,pre_pandemic,M076,Count_FinishedCourseTreatment,53058.0
2019-10-01,pre_pandemic,M192,Percentage_Recovery,51.3
2019-10-01,pre_pandemic,M195,Percentage_ReliableRecovery,48.7
2019-11-01,pre_pandemic,M001,Count_ReferralsReceived,143418.0
2019-11-01,pre_pandemic,M053,Percentage_FirstTreatment6WeeksFinishedCourseTreatment,87.7
2019-11-01,pre_pandemic,M076,Count_FinishedCourseTreatment,49798.0
2019-11-01,pre_pandemic,M192,Percentage_Recovery,50.6
2019-11-01,pre_pandemic,M195,Percentage_ReliableRecovery,47.9
2019-12-01,pre_pandemic,M001,Count_ReferralsReceived,110838.0
2019-12-01,pre_pandemic,M053,Percentage_FirstTreatment6WeeksFinishedCourseTreatment,88.6
2019-12-01,pre_pandemic,M076,Count_FinishedCourseTreatment,44925.0
2019-12-01,pre_pandemic,M192,Percentage_Recovery,50.7
2019-12-01,pre_pandemic,M195,Percentage_ReliableRecovery,48.0
2020-01-01,pre_pandemic,M001,Count_ReferralsReceived,163182.0
2020-01-01,pre_pandemic,M053,Percentage_FirstTreatment6WeeksFinishedCourseTreatment,88.1
2020-01-01,pre_pandemic,M076,Count_FinishedCourseTreatment,51225.0
2020-01-01,pre_pandemic,M192,Percentage_Recovery,51.1
2020-01-01,pre_pandemic,M195,Percentage_ReliableRecovery,48.4
2020-02-01,pre_pandemic,M001,Count_ReferralsReceived,149713.0
2020-02-01,pre_pandemic,M053,Percentage_FirstTreatment6WeeksFinishedCourseTreatment,87.8
2020-02-01,pre_pandemic,M076,Count_FinishedCourseTreatment,47337.0
2020-02-01,pre_pandemic,M192,Percentage_Recovery,51.0
2020-02-01,pre_pandemic,M195,Percentage_ReliableRecovery,48.3
2020-03-01,pandemic,M001,Count_ReferralsReceived,108330.0
2020-03-01,pandemic,M053,Percentage_FirstTreatment6WeeksFinishedCourseTreatment,87.1
2020-03-01,pandemic,M076,Count_FinishedCourseTreatment,58050.0
2020-03-01,pandemic,M192,Percentage_Recovery,47.7
2020-03-01,pandemic,M195,Percentage_ReliableRecovery,45.0
2020-04-01,pandemic,M001,Count_ReferralsReceived,57814.0
2020-04-01,pandemic,M053,Percentage_FirstTreatment6WeeksFinishedCourseTreatment,86.2
2020-04-01,pandemic,M076,Count_FinishedCourseTreatment,60451.0
2020-04-01,pandemic,M192,Percentage_Recovery,46.6
2020-04-01,pandemic,M195,Percentage_ReliableRecovery,44.0
2020-05-01,pandemic,M001,Count_ReferralsReceived,78544.0
2020-05-01,pandemic,M053,Percentage_FirstTreatment6WeeksFinishedCourseTreatment,87.0
2020-05-01,pandemic,M076,Count_FinishedCourseTreatment,50605.0
2020-05-01,pandemic,M192,Percentage_Recovery,50.6
2020-05-01,pandemic,M195,Percentage_ReliableRecovery,48.0
2020-06-01,pandemic,M001,Count_ReferralsReceived,111752.0
2020-06-01,pandemic,M053,Percentage_FirstTreatment6WeeksFinishedCourseTreatment,86.5
2020-06-01,pandemic,M076,Count_FinishedCourseTreatment,57060.0
2020-06-01,pandemic,M192,Percentage_Recovery,51.8
2020-06-01,pandemic,M195,Percentage_ReliableRecovery,49.0
2020-07-01,pandemic,M001,Count_ReferralsReceived,128988.0
2020-07-01,pandemic,M053,Percentage_FirstTreatment6WeeksFinishedCourseTreatment,87.5
2020-07-01,pandemic,M076,Count_FinishedCourseTreatment,56797.0
2020-07-01,pandemic,M192,Percentage_Recovery,52.0
2020-07-01,pandemic,M195,Percentage_ReliableRecovery,49.5
2020-08-01,pandemic,M001,Count_ReferralsReceived,116102.0
2020-08-01,pandemic,M053,Percentage_FirstTreatment6WeeksFinishedCourseTreatment,89.1
2020-08-01,pandemic,M076,Count_FinishedCourseTreatment,47375.0
2020-08-01,pandemic,M192,Percentage_Recovery,51.9
2020-08-01,pandemic,M195,Percentage_ReliableRecovery,49.3
2020-09-01,pandemic,M001,Count_ReferralsReceived,133518.0
2020-09-01,pandemic,M053,Percentage_FirstTreatment6WeeksFinishedCourseTreatment,90.3
2020-09-01,pandemic,M076,Count_FinishedCourseTreatment,53888.0
2020-09-01,pandemic,M192,Percentage_Recovery,51.6
2020-09-01,pandemic,M195,Percentage_ReliableRecovery,49.1
2020-10-01,pandemic,M001,Count_ReferralsReceived,137266.0
2020-10-01,pandemic,M053,Percentage_FirstTreatment6WeeksFinishedCourseTreatment,91.2
2020-10-01,pandemic,M076,Count_FinishedCourseTreatment,52592.0
2020-10-01,pandemic,M192,Percentage_Recovery,51.5
2020-10-01,pandemic,M195,Percentage_ReliableRecovery,48.9
2020-11-01,pandemic,M001,Count_ReferralsReceived,133256.0
2020-11-01,pandemic,M053,Percentage_FirstTreatment6WeeksFinishedCourseTreatment,91.7
2020-11-01,pandemic,M076,Count_FinishedCourseTreatment,52385.0
2020-11-01,pandemic,M192,Percentage_Recovery,51.9
2020-11-01,pandemic,M195,Percentage_ReliableRecovery,49.2
2020-12-01,pandemic,M001,Count_ReferralsReceived,115671.0
2020-12-01,pandemic,M053,Percentage_FirstTreatment6WeeksFinishedCourseTreatment,92.8
2020-12-01,pandemic,M076,Count_FinishedCourseTreatment,48111.0
2020-12-01,pandemic,M192,Percentage_Recovery,51.6
2020-12-01,pandemic,M195,Percentage_ReliableRecovery,48.8
2021-01-01,pandemic,M001,Count_ReferralsReceived,132008.0
2021-01-01,pandemic,M053,Percentage_FirstTreatment6WeeksFinishedCourseTreatment,92.9
2021-01-01,pandemic,M076,Count_FinishedCourseTreatment,51285.0
2021-01-01,pandemic,M192,Percentage_Recovery,51.8
2021-01-01,pandemic,M195,Percentage_ReliableRecovery,49.1
2021-02-01,pandemic,M001,Count_ReferralsReceived,133720.0
2021-02-01,pandemic,M053,Percentage_FirstTreatment6WeeksFinishedCourseTreatment,92.7
2021-02-01,pandemic,M076,Count_FinishedCourseTreatment,48717.0
2021-02-01,pandemic,M192,Percentage_Recovery,52.8
2021-02-01,pandemic,M195,Percentage_ReliableRecovery,50.1
2021-03-01,pandemic,M001,Count_ReferralsReceived,159559.0
2021-03-01,pandemic,M053,Percentage_FirstTreatment6WeeksFinishedCourseTreatment,92.7
2021-03-01,pandemic,M076,Count_FinishedCourseTreatment,57569.0
2021-03-01,pandemic,M192,Percentage_Recovery,53.4
2021-03-01,pandemic,M195,Percentage_ReliableRecovery,50.6
2021-04-01,recovery,M001,Count_ReferralsReceived,139757.0
2021-04-01,recovery,M053,Percentage_FirstTreatment6WeeksFinishedCourseTreatment,92.8
2021-04-01,recovery,M076,Count_FinishedCourseTreatment,60110.0
2021-04-01,recovery,M192,Percentage_Recovery,48.4
2021-04-01,recovery,M195,Percentage_ReliableRecovery,45.9
2021-05-01,recovery,M001,Count_ReferralsReceived,147394.0
2021-05-01,recovery,M053,Percentage_FirstTreatment6WeeksFinishedCourseTreatment,92.6
2021-05-01,recovery,M076,Count_FinishedCourseTreatment,52041.0
2021-05-01,recovery,M192,Percentage_Recovery,52.5
2021-05-01,recovery,M195,Percentage_ReliableRecovery,49.8
2021-06-01,recovery,M001,Count_ReferralsReceived,153472.0
2021-06-01,recovery,M053,Percentage_FirstTreatment6WeeksFinishedCourseTreatment,92.5
2021-06-01,recovery,M076,Count_FinishedCourseTreatment,58421.0
2021-06-01,recovery,M192,Percentage_Recovery,51.5
2021-06-01,recovery,M195,Percentage_ReliableRecovery,48.8
2021-07-01,recovery,M001,Count_ReferralsReceived,142485.0
2021-07-01,recovery,M053,Percentage_FirstTreatment6WeeksFinishedCourseTreatment,92.3
2021-07-01,recovery,M076,Count_FinishedCourseTreatment,58655.0
2021-07-01,recovery,M192,Percentage_Recovery,51.0
2021-07-01,recovery,M195,Percentage_ReliableRecovery,48.2
2021-08-01,recovery,M001,Count_ReferralsReceived,138078.0
2021-08-01,recovery,M053,Percentage_FirstTreatment6WeeksFinishedCourseTreatment,91.8
2021-08-01,recovery,M076,Count_FinishedCourseTreatment,54574.0
2021-08-01,recovery,M192,Percentage_Recovery,49.8
2021-08-01,recovery,M195,Percentage_ReliableRecovery,46.9
2021-09-01,recovery,M001,Count_ReferralsReceived,152957.0
2021-09-01,recovery,M053,Percentage_FirstTreatment6WeeksFinishedCourseTreatment,91.2
2021-09-01,recovery,M076,Count_FinishedCourseTreatment,56972.0
2021-09-01,recovery,M192,Percentage_Recovery,49.9
2021-09-01,recovery,M195,Percentage_ReliableRecovery,47.1
2021-10-01,recovery,M001,Count_ReferralsReceived,152003.0
2021-10-01,recovery,M053,Percentage_FirstTreatment6WeeksFinishedCourseTreatment,91.2
2021-10-01,recovery,M076,Count_FinishedCourseTreatment,53776.0
2021-10-01,recovery,M192,Percentage_Recovery,49.3
2021-10-01,recovery,M195,Percentage_ReliableRecovery,46.5
2021-11-01,recovery,M001,Count_ReferralsReceived,164363.0
2021-11-01,recovery,M053,Percentage_FirstTreatment6WeeksFinishedCourseTreatment,90.8
2021-11-01,recovery,M076,Count_FinishedCourseTreatment,57389.0
2021-11-01,recovery,M192,Percentage_Recovery,49.1
2021-11-01,recovery,M195,Percentage_ReliableRecovery,46.2
2021-12-01,recovery,M001,Count_ReferralsReceived,124856.0
2021-12-01,recovery,M053,Percentage_FirstTreatment6WeeksFinishedCourseTreatment,89.9
2021-12-01,recovery,M076,Count_FinishedCourseTreatment,49697.0
2021-12-01,recovery,M192,Percentage_Recovery,48.6
2021-12-01,recovery,M195,Percentage_ReliableRecovery,45.6
2022-01-01,recovery,M001,Count_ReferralsReceived,158475.0
2022-01-01,recovery,M053,Percentage_FirstTreatment6WeeksFinishedCourseTreatment,89.7
2022-01-01,recovery,M076,Count_FinishedCourseTreatment,52914.0
2022-01-01,recovery,M192,Percentage_Recovery,49.7
2022-01-01,recovery,M195,Percentage_ReliableRecovery,46.9
2022-02-01,recovery,M001,Count_ReferralsReceived,155502.0
2022-02-01,recovery,M053,Percentage_FirstTreatment6WeeksFinishedCourseTreatment,89.5
2022-02-01,recovery,M076,Count_FinishedCourseTreatment,50883.0
2022-02-01,recovery,M192,Percentage_Recovery,50.7
2022-02-01,recovery,M195,Percentage_ReliableRecovery,47.7
2022-03-01,recovery,M001,Count_ReferralsReceived,165631.0
2022-03-01,recovery,M053,Percentage_FirstTreatment6WeeksFinishedCourseTreatment,88.8
2022-03-01,recovery,M076,Count_FinishedCourseTreatment,59797.0
2022-03-01,recovery,M192,Percentage_Recovery,51.0
2022-03-01,recovery,M195,Percentage_ReliableRecovery,47.9
2022-04-01,recovery,M001,Count_ReferralsReceived,130064.0
2022-04-01,recovery,M053,Percentage_FirstTreatment6WeeksFinishedCourseTreatment,88.9
2022-04-01,recovery,M076,Count_FinishedCourseTreatment,52482.0
2022-04-01,recovery,M192,Percentage_Recovery,50.4
2022-04-01,recovery,M195,Percentage_ReliableRecovery,47.6
2022-05-01,recovery,M001,Count_ReferralsReceived,150082.0
2022-05-01,recovery,M053,Percentage_FirstTreatment6WeeksFinishedCourseTreatment,88.8
2022-05-01,recovery,M076,Count_FinishedCourseTreatment,58702.0
2022-05-01,recovery,M192,Percentage_Recovery,50.1
2022-05-01,recovery,M195,Percentage_ReliableRecovery,47.2
2022-06-01,recovery,M001,Count_ReferralsReceived,135381.0
2022-06-01,recovery,M053,Percentage_FirstTreatment6WeeksFinishedCourseTreatment,88.9
2022-06-01,recovery,M076,Count_FinishedCourseTreatment,56166.0
2022-06-01,recovery,M192,Percentage_Recovery,49.5
2022-06-01,recovery,M195,Percentage_ReliableRecovery,46.5
2022-07-01,recovery,M001,Count_ReferralsReceived,131766.0
2022-07-01,recovery,M053,Percentage_FirstTreatment6WeeksFinishedCourseTreatment,88.7
2022-07-01,recovery,M076,Count_FinishedCourseTreatment,57597.0
2022-07-01,recovery,M192,Percentage_Recovery,49.7
2022-07-01,recovery,M195,Percentage_ReliableRecovery,46.8
2022-08-01,recovery,M001,Count_ReferralsReceived,145149.0
2022-08-01,recovery,M053,Percentage_FirstTreatment6WeeksFinishedCourseTreatment,88.6
2022-08-01,recovery,M076,Count_FinishedCourseTreatment,59376.0
2022-08-01,recovery,M192,Percentage_Recovery,49.4
2022-08-01,recovery,M195,Percentage_ReliableRecovery,46.5
2022-09-01,recovery,M001,Count_ReferralsReceived,142241.0
2022-09-01,recovery,M053,Percentage_FirstTreatment6WeeksFinishedCourseTreatment,89.3
2022-09-01,recovery,M076,Count_FinishedCourseTreatment,57029.0
2022-09-01,recovery,M192,Percentage_Recovery,49.8
2022-09-01,recovery,M195,Percentage_ReliableRecovery,46.7
2022-10-01,recovery,M001,Count_ReferralsReceived,152267.0
2022-10-01,recovery,M053,Percentage_FirstTreatment6WeeksFinishedCourseTreatment,89.2
2022-10-01,recovery,M076,Count_FinishedCourseTreatment,54209.0
2022-10-01,recovery,M192,Percentage_Recovery,49.2
2022-10-01,recovery,M195,Percentage_ReliableRecovery,46.1
2022-11-01,recovery,M001,Count_ReferralsReceived,159131.0
2022-11-01,recovery,M053,Percentage_FirstTreatment6WeeksFinishedCourseTreatment,89.1
2022-11-01,recovery,M076,Count_FinishedCourseTreatment,59803.0
2022-11-01,recovery,M192,Percentage_Recovery,49.5
2022-11-01,recovery,M195,Percentage_ReliableRecovery,46.4
2022-12-01,recovery,M001,Count_ReferralsReceived,110131.0
2022-12-01,recovery,M053,Percentage_FirstTreatment6WeeksFinishedCourseTreatment,89.7
2022-12-01,recovery,M076,Count_FinishedCourseTreatment,48726.0
2022-12-01,recovery,M192,Percentage_Recovery,48.9
2022-12-01,recovery,M195,Percentage_ReliableRecovery,45.8
2023-01-01,recovery,M001,Count_ReferralsReceived,163719.0
2023-01-01,recovery,M053,Percentage_FirstTreatment6WeeksFinishedCourseTreatment,90.1
2023-01-01,recovery,M076,Count_FinishedCourseTreatment,56346.0
2023-01-01,recovery,M192,Percentage_Recovery,49.7
2023-01-01,recovery,M195,Percentage_ReliableRecovery,46.7
2023-02-01,recovery,M001,Count_ReferralsReceived,148669.0
2023-02-01,recovery,M053,Percentage_FirstTreatment6WeeksFinishedCourseTreatment,90.3
2023-02-01,recovery,M076,Count_FinishedCourseTreatment,52670.0
2023-02-01,recovery,M192,Percentage_Recovery,50.2
2023-02-01,recovery,M195,Percentage_ReliableRecovery,47.2
2023-03-01,recovery,M001,Count_ReferralsReceived,167407.0
2023-03-01,recovery,M053,Percentage_FirstTreatment6WeeksFinishedCourseTreatment,90.2
2023-03-01,recovery,M076,Count_FinishedCourseTreatment,60818.0
2023-03-01,recovery,M192,Percentage_Recovery,51.2
2023-03-01,recovery,M195,Percentage_ReliableRecovery,48.1
2023-04-01,recovery,M001,Count_ReferralsReceived,129753.0
2023-04-01,recovery,M053,Percentage_FirstTreatment6WeeksFinishedCourseTreatment,90.0
2023-04-01,recovery,M076,Count_FinishedCourseTreatment,49815.0
2023-04-01,recovery,M192,Percentage_Recovery,50.9
2023-04-01,recovery,M195,Percentage_ReliableRecovery,48.0
2023-05-01,recovery,M001,Count_ReferralsReceived,146659.0
2023-05-01,recovery,M053,Percentage_FirstTreatment6WeeksFinishedCourseTreatment,90.0
2023-05-01,recovery,M076,Count_FinishedCourseTreatment,57002.0
2023-05-01,recovery,M192,Percentage_Recovery,50.5
2023-05-01,recovery,M195,Percentage_ReliableRecovery,47.4
2023-06-01,recovery,M001,Count_ReferralsReceived,143475.0
2023-06-01,recovery,M053,Percentage_FirstTreatment6WeeksFinishedCourseTreatment,89.9
2023-06-01,recovery,M076,Count_FinishedCourseTreatment,59401.0
2023-06-01,recovery,M192,Percentage_Recovery,50.6
2023-06-01,recovery,M195,Percentage_ReliableRecovery,47.7
2023-07-01,recovery,M001,Count_ReferralsReceived,150292.0
2023-07-01,recovery,M053,Percentage_FirstTreatment6WeeksFinishedCourseTreatment,89.7
2023-07-01,recovery,M076,Count_FinishedCourseTreatment,56551.0
2023-07-01,recovery,M192,Percentage_Recovery,50.3
2023-07-01,recovery,M195,Percentage_ReliableRecovery,47.3
2023-08-01,recovery,M001,Count_ReferralsReceived,150330.0
2023-08-01,recovery,M053,Percentage_FirstTreatment6WeeksFinishedCourseTreatment,89.0
2023-08-01,recovery,M076,Count_FinishedCourseTreatment,58816.0
2023-08-01,recovery,M192,Percentage_Recovery,49.9
2023-08-01,recovery,M195,Percentage_ReliableRecovery,46.9
2023-09-01,recovery,M001,Count_ReferralsReceived,150878.0
2023-09-01,recovery,M053,Percentage_FirstTreatment6WeeksFinishedCourseTreatment,88.8
2023-09-01,recovery,M076,Count_FinishedCourseTreatment,56593.0
2023-09-01,recovery,M192,Percentage_Recovery,49.9
2023-09-01,recovery,M195,Percentage_ReliableRecovery,46.8
2023-10-01,recovery,M001,Count_ReferralsReceived,161313.0
2023-10-01,recovery,M053,Percentage_FirstTreatment6WeeksFinishedCourseTreatment,90.0
2023-10-01,recovery,M076,Count_FinishedCourseTreatment,57517.0
2023-10-01,recovery,M192,Percentage_Recovery,49.8
2023-10-01,recovery,M195,Percentage_ReliableRecovery,46.8
2023-11-01,recovery,M001,Count_ReferralsReceived,162250.0
2023-11-01,recovery,M053,Percentage_FirstTreatment6WeeksFinishedCourseTreatment,90.6
2023-11-01,recovery,M076,Count_FinishedCourseTreatment,59687.0
2023-11-01,recovery,M192,Percentage_Recovery,49.6
2023-11-01,recovery,M195,Percentage_ReliableRecovery,46.6
2023-12-01,recovery,M001,Count_ReferralsReceived,120561.0
2023-12-01,recovery,M053,Percentage_FirstTreatment6WeeksFinishedCourseTreatment,91.6
2023-12-01,recovery,M076,Count_FinishedCourseTreatment,47781.0
2023-12-01,recovery,M192,Percentage_Recovery,48.5
2023-12-01,recovery,M195,Percentage_ReliableRecovery,45.4
2024-01-01,recovery,M001,Count_ReferralsReceived,176760.0
2024-01-01,recovery,M053,Percentage_FirstTreatment6WeeksFinishedCourseTreatment,92.1
2024-01-01,recovery,M076,Count_FinishedCourseTreatment,58692.0
2024-01-01,recovery,M192,Percentage_Recovery,49.8
2024-01-01,recovery,M195,Percentage_ReliableRecovery,46.8
2024-02-01,recovery,M001,Count_ReferralsReceived,163419.0
2024-02-01,recovery,M053,Percentage_FirstTreatment6WeeksFinishedCourseTreatment,92.3
2024-02-01,recovery,M076,Count_FinishedCourseTreatment,55117.0
2024-02-01,recovery,M192,Percentage_Recovery,51.2
2024-02-01,recovery,M195,Percentage_ReliableRecovery,47.9
2024-03-01,recovery,M001,Count_ReferralsReceived,150636.0
2024-03-01,recovery,M053,Percentage_FirstTreatment6WeeksFinishedCourseTreatment,92.3
2024-03-01,recovery,M076,Count_FinishedCourseTreatment,53593.0
2024-03-01,recovery,M192,Percentage_Recovery,50.9
2024-03-01,recovery,M195,Percentage_ReliableRecovery,47.7
2024-04-01,recovery,M001,Count_ReferralsReceived,151975.0
2024-04-01,recovery,M053,Percentage_FirstTreatment6WeeksFinishedCourseTreatment,92.7
2024-04-01,recovery,M076,Count_FinishedCourseTreatment,57075.0
2024-04-01,recovery,M192,Percentage_Recovery,49.6
2024-04-01,recovery,M195,Percentage_ReliableRecovery,46.7
2024-05-01,recovery,M001,Count_ReferralsReceived,147369.0
2024-05-01,recovery,M053,Percentage_FirstTreatment6WeeksFinishedCourseTreatment,92.2
2024-05-01,recovery,M076,Count_FinishedCourseTreatment,56960.0
2024-05-01,recovery,M192,Percentage_Recovery,50.8
2024-05-01,recovery,M195,Percentage_ReliableRecovery,47.9
2024-06-01,recovery,M001,Count_ReferralsReceived,135213.0
2024-06-01,recovery,M053,Percentage_FirstTreatment6WeeksFinishedCourseTreatment,92.4
2024-06-01,recovery,M076,Count_FinishedCourseTreatment,54080.0
2024-06-01,recovery,M192,Percentage_Recovery,50.9
2024-06-01,recovery,M195,Percentage_ReliableRecovery,48.0
2024-07-01,recovery,M001,Count_ReferralsReceived,151365.0
2024-07-01,recovery,M053,Percentage_FirstTreatment6WeeksFinishedCourseTreatment,90.7
2024-07-01,recovery,M076,Count_FinishedCourseTreatment,62036.0
2024-07-01,recovery,M192,Percentage_Recovery,50.4
2024-07-01,recovery,M195,Percentage_ReliableRecovery,47.3
2024-08-01,recovery,M001,Count_ReferralsReceived,136679.0
2024-08-01,recovery,M053,Percentage_FirstTreatment6WeeksFinishedCourseTreatment,91.9
2024-08-01,recovery,M076,Count_FinishedCourseTreatment,55485.0
2024-08-01,recovery,M192,Percentage_Recovery,50.1
2024-08-01,recovery,M195,Percentage_ReliableRecovery,47.1
2024-09-01,recovery,M001,Count_ReferralsReceived,146238.0
2024-09-01,recovery,M053,Percentage_FirstTreatment6WeeksFinishedCourseTreatment,91.9
2024-09-01,recovery,M076,Count_FinishedCourseTreatment,55130.0
2024-09-01,recovery,M192,Percentage_Recovery,50.2
2024-09-01,recovery,M195,Percentage_ReliableRecovery,47.2
2024-10-01,recovery,M001,Count_ReferralsReceived,168013.0
2024-10-01,recovery,M053,Percentage_FirstTreatment6WeeksFinishedCourseTreatment,92.0
2024-10-01,recovery,M076,Count_FinishedCourseTreatment,60534.0
2024-10-01,recovery,M192,Percentage_Recovery,50.1
2024-10-01,recovery,M195,Percentage_ReliableRecovery,47.1
2024-11-01,recovery,M001,Count_ReferralsReceived,149559.0
2024-11-01,recovery,M053,Percentage_FirstTreatment6WeeksFinishedCourseTreatment,91.7
2024-11-01,recovery,M076,Count_FinishedCourseTreatment,54292.0
2024-11-01,recovery,M192,Percentage_Recovery,50.7
2024-11-01,recovery,M195,Percentage_ReliableRecovery,47.6
2024-12-01,recovery,M001,Count_ReferralsReceived,125141.0
2024-12-01,recovery,M053,Percentage_FirstTreatment6WeeksFinishedCourseTreatment,91.2
2024-12-01,recovery,M076,Count_FinishedCourseTreatment,48650.0
2024-12-01,recovery,M192,Percentage_Recovery,50.0
2024-12-01,recovery,M195,Percentage_ReliableRecovery,46.8
2025-01-01,recovery,M001,Count_ReferralsReceived,163748.0
2025-01-01,recovery,M053,Percentage_FirstTreatment6WeeksFinishedCourseTreatment,91.0
2025-01-01,recovery,M076,Count_FinishedCourseTreatment,56781.0
2025-01-01,recovery,M192,Percentage_Recovery,50.6
2025-01-01,recovery,M195,Percentage_ReliableRecovery,47.5
2025-02-01,recovery,M001,Count_ReferralsReceived,148164.0
2025-02-01,recovery,M053,Percentage_FirstTreatment6WeeksFinishedCourseTreatment,90.8
2025-02-01,recovery,M076,Count_FinishedCourseTreatment,52255.0
2025-02-01,recovery,M192,Percentage_Recovery,50.6
2025-02-01,recovery,M195,Percentage_ReliableRecovery,47.4
2025-03-01,recovery,M001,Count_ReferralsReceived,148668.0
2025-03-01,recovery,M053,Percentage_FirstTreatment6WeeksFinishedCourseTreatment,90.5
2025-03-01,recovery,M076,Count_FinishedCourseTreatment,53865.0
2025-03-01,recovery,M192,Percentage_Recovery,51.6
2025-03-01,recovery,M195,Percentage_ReliableRecovery,48.5
2025-04-01,recovery,M001,Count_ReferralsReceived,133908.0
2025-04-01,recovery,M053,Percentage_FirstTreatment6WeeksFinishedCourseTreatment,90.3
2025-04-01,recovery,M076,Count_FinishedCourseTreatment,57359.0
2025-04-01,recovery,M192,Percentage_Recovery,51.3
2025-04-01,recovery,M195,Percentage_ReliableRecovery,48.4
2025-05-01,recovery,M001,Count_ReferralsReceived,137449.0
2025-05-01,recovery,M053,Percentage_FirstTreatment6WeeksFinishedCourseTreatment,90.3
2025-05-01,recovery,M076,Count_FinishedCourseTreatment,55543.0
2025-05-01,recovery,M192,Percentage_Recovery,50.9
2025-05-01,recovery,M195,Percentage_ReliableRecovery,48.0
2025-06-01,recovery,M001,Count_ReferralsReceived,145215.0
2025-06-01,recovery,M053,Percentage_FirstTreatment6WeeksFinishedCourseTreatment,89.1
2025-06-01,recovery,M076,Count_FinishedCourseTreatment,56947.0
2025-06-01,recovery,M192,Percentage_Recovery,50.1
2025-06-01,recovery,M195,Percentage_ReliableRecovery,47.1
2025-07-01,recovery,M001,Count_ReferralsReceived,159042.0
2025-07-01,recovery,M053,Percentage_FirstTreatment6WeeksFinishedCourseTreatment,89.6
2025-07-01,recovery,M076,Count_FinishedCourseTreatment,62183.0
2025-07-01,recovery,M192,Percentage_Recovery,50.1
2025-07-01,recovery,M195,Percentage_ReliableRecovery,47.3
2025-08-01,recovery,M001,Count_ReferralsReceived,132762.0
2025-08-01,recovery,M053,Percentage_FirstTreatment6WeeksFinishedCourseTreatment,89.7
2025-08-01,recovery,M076,Count_FinishedCourseTreatment,51569.0
2025-08-01,recovery,M192,Percentage_Recovery,49.8
2025-08-01,recovery,M195,Percentage_ReliableRecovery,46.9
2025-09-01,recovery,M001,Count_ReferralsReceived,154572.0
2025-09-01,recovery,M053,Percentage_FirstTreatment6WeeksFinishedCourseTreatment,88.6
2025-09-01,recovery,M076,Count_FinishedCourseTreatment,58599.0
2025-09-01,recovery,M192,Percentage_Recovery,50.2
2025-09-01,recovery,M195,Percentage_ReliableRecovery,47.3
2025-10-01,recovery,M001,Count_ReferralsReceived,164279.0
2025-10-01,recovery,M053,Percentage_FirstTreatment6WeeksFinishedCourseTreatment,88.6
2025-10-01,recovery,M076,Count_FinishedCourseTreatment,59124.0
2025-10-01,recovery,M192,Percentage_Recovery,49.8
2025-10-01,recovery,M195,Percentage_ReliableRecovery,47.0
2025-11-01,recovery,M001,Count_ReferralsReceived,150936.0
2025-11-01,recovery,M053,Percentage_FirstTreatment6WeeksFinishedCourseTreatment,88.5
2025-11-01,recovery,M076,Count_FinishedCourseTreatment,53715.0
2025-11-01,recovery,M192,Percentage_Recovery,49.6
2025-11-01,recovery,M195,Percentage_ReliableRecovery,46.8
2025-12-01,recovery,M001,Count_ReferralsReceived,128415.0
2025-12-01,recovery,M053,Percentage_FirstTreatment6WeeksFinishedCourseTreatment,88.6
2025-12-01,recovery,M076,Count_FinishedCourseTreatment,50951.0
2025-12-01,recovery,M192,Percentage_Recovery,48.6
2025-12-01,recovery,M195,Percentage_ReliableRecovery,45.8
2026-01-01,recovery,M001,Count_ReferralsReceived,159819.0
2026-01-01,recovery,M053,Percentage_FirstTreatment6WeeksFinishedCourseTreatment,88.7
2026-01-01,recovery,M076,Count_FinishedCourseTreatment,55402.0
2026-01-01,recovery,M192,Percentage_Recovery,49.7
2026-01-01,recovery,M195,Percentage_ReliableRecovery,47.0
2026-02-01,recovery,M001,Count_ReferralsReceived,151810.0
2026-02-01,recovery,M053,Percentage_FirstTreatment6WeeksFinishedCourseTreatment,88.6
2026-02-01,recovery,M076,Count_FinishedCourseTreatment,52280.0
2026-02-01,recovery,M192,Percentage_Recovery,50.0
2026-02-01,recovery,M195,Percentage_ReliableRecovery,47.3
2026-03-01,recovery,M001,Count_ReferralsReceived,163100.0
2026-03-01,recovery,M053,Percentage_FirstTreatment6WeeksFinishedCourseTreatment,88.3
2026-03-01,recovery,M076,Count_FinishedCourseTreatment,57590.0
2026-03-01,recovery,M192,Percentage_Recovery,51.2
2026-03-01,recovery,M195,Percentage_ReliableRecovery,48.4
2026-04-01,recovery,M001,Count_ReferralsReceived,144996.0
2026-04-01,recovery,M053,Percentage_FirstTreatment6WeeksFinishedCourseTreatment,87.8
2026-04-01,recovery,M076,Count_FinishedCourseTreatment,55044.0
2026-04-01,recovery,M192,Percentage_Recovery,50.9
2026-04-01,recovery,M195,Percentage_ReliableRecovery,48.2
